Student_ID,Age,Gender,Sleep_Hours,Study_Hours,Physical_Activity,Academic_Pressure,Financial_Stress,Social_Support
1,24,Female,6.6,8.4,87,2,2,7
2,21,Female,6.4,7.9,72,10,6,6
3,22,Male,3.2,6.2,34,9,1,5
4,24,Female,5.4,9.6,50,10,7,8
5,20,Female,5.7,2.8,83,7,7,3
6,25,Male,5.8,2,36,4,10,6
7,22,Other,7.1,8.7,105,3,7,5
8,22,Female,6.7,5,80,10,10,8
9,24,Other,7.3,8.6,110,3,1,4
10,19,Female,8.4,9,94,9,4,8
11,20,Female,8.7,1.6,118,5,7,10
12,24,Male,8,9,56,3,9,2
13,20,Other,9.7,5,7,5,5,9
14,20,Female,3.1,5.6,78,2,2,9
15,25,Male,4.4,6.6,94,4,7,10
16,22,Male,3.1,9.3,116,10,10,10
17,21,Male,7.5,1.2,93,2,1,6
18,25,Female,9.3,5.3,109,2,7,4
19,25,Other,4.7,7.2,19,8,6,4
20,20,Male,9.5,7.5,102,1,7,6
21,23,Female,3.4,7.2,52,7,10,5
22,22,Male,9.5,2.2,118,5,3,6
23,19,Other,5.5,3.7,11,8,3,7
24,25,Female,3.7,4.2,48,1,7,7
25,21,Female,6.4,8.2,16,7,2,9
26,23,Female,4.8,3.5,63,5,1,8
27,23,Male,5,2.9,41,4,9,6
28,19,Male,5.2,9.6,93,7,9,6
29,25,Male,8.6,1.1,28,10,7,5
30,21,Female,6.8,10,18,2,7,1
31,22,Female,5.2,7.1,109,1,3,9
32,18,Other,7.3,8.5,10,1,10,9
33,21,Other,8,3.7,97,1,2,9
34,19,Female,4.9,1.1,49,5,7,8
35,23,Female,5.9,7.6,70,10,9,10
36,22,Other,3.9,8.5,107,7,1,3
37,21,Female,4.3,7.7,57,2,4,1
38,18,Male,7.8,2.3,33,10,6,8
39,18,Female,4.3,7.8,19,8,7,7
40,20,Male,6.7,7.9,49,4,10,5
41,20,Other,8,6.9,101,3,7,10
42,24,Female,3.7,7.9,87,10,10,7
43,19,Male,7,8.6,9,8,2,10
44,25,Female,4.8,6.5,31,2,4,4
45,21,Female,9.7,1.8,51,3,5,9
46,21,Male,6.4,5.4,14,3,1,10
47,25,Male,8.6,1.7,100,10,1,2
48,24,Female,6.9,4.7,83,1,10,9
49,23,Female,3.3,4.7,2,6,3,9
50,23,Female,7.4,1.6,36,2,10,5
51,24,Female,9.7,4.1,120,1,3,1
52,23,Female,7.2,2,39,2,8,7
53,20,Female,8.7,8.3,71,6,9,10
54,21,Female,9.2,9.5,39,4,1,10
55,24,Female,4.6,1.7,107,6,2,4
56,21,Male,4.5,9.6,55,9,10,9
57,25,Male,7.3,5.7,22,10,2,6
58,18,Male,5.9,3.7,103,10,4,3
59,20,Female,8.9,1.7,10,8,2,6
60,22,Female,9.3,5.5,109,1,7,10
61,20,Female,5.5,8.2,63,8,9,6
62,24,Male,4.7,7.4,7,9,7,5
63,22,Male,8.5,1.5,92,6,6,2
64,18,Male,4.9,1.7,93,10,10,10
65,24,Male,8.8,4.6,55,5,1,10
66,19,Female,6,3.7,59,6,10,2
67,21,Male,7.7,3.1,9,6,9,7
68,18,Male,3.7,3.5,38,9,5,2
69,21,Other,7.4,8.2,27,4,5,6
70,23,Male,6.2,9.4,48,2,6,5
71,19,Female,7.1,4.6,35,9,9,4
72,19,Female,4.2,9.2,12,2,8,7
73,18,Male,8.2,3.9,95,10,8,8
74,19,Female,9,5.3,35,9,8,4
75,22,Female,4.5,3,100,2,1,1
76,19,Other,3.7,6.8,25,8,1,1
77,21,Male,3.2,9.8,85,9,8,1
78,21,Other,7.5,6.4,3,10,5,1
79,24,Female,7.2,4.2,94,9,9,5
80,21,Male,6.8,6.8,81,10,2,4
81,24,Female,4.6,2.1,63,9,9,9
82,21,Other,5.7,9,37,2,8,3
83,22,Female,7.2,5.5,87,4,9,7
84,25,Male,6.5,5,119,7,4,8
85,24,Female,9.9,6.3,86,2,1,6
86,20,Male,4,6.6,21,1,1,10
87,23,Male,7.9,1.6,1,3,5,1
88,18,Male,5.8,7.1,30,4,2,8
89,21,Male,6,3.2,118,8,8,10
90,19,Male,8,7.4,10,6,10,3
91,25,Male,7.8,8.4,91,2,5,8
92,21,Female,9.9,8.2,45,9,5,4
93,19,Male,3.9,6,95,2,2,8
94,23,Male,3.7,5.7,61,5,7,1
95,23,Female,8.1,2.3,68,4,8,3
96,23,Female,7,8,63,7,10,6
97,19,Female,4.9,3.4,101,8,1,9
98,21,Male,3.6,5.5,9,5,2,2
99,23,Male,3.6,3.6,39,10,10,1
100,22,Male,9.3,2.2,109,5,4,10
101,24,Male,4.3,6.7,23,2,5,3
102,19,Male,5.3,1.5,98,8,2,4
103,19,Male,4.6,7.7,43,2,1,5
104,21,Male,5.5,3.9,111,10,9,3
105,19,Male,3.5,1,59,6,1,10
106,19,Female,6.6,5.6,61,8,4,2
107,23,Male,3.5,1.4,86,6,2,2
108,21,Male,8.6,3.5,16,4,4,7
109,23,Female,4.6,7.4,64,4,8,9
110,24,Female,6.8,1.6,118,6,8,10
111,25,Male,9.2,8.6,94,4,9,2
112,24,Female,7.6,1,94,8,5,7
113,25,Female,6.7,3.2,105,9,7,7
114,23,Male,5.3,7.7,56,1,3,7
115,24,Female,5.3,3.8,54,4,10,3
116,21,Other,7.7,1.9,105,4,4,7
117,18,Male,10,4.2,52,2,10,1
118,23,Male,7.6,3.4,55,6,9,10
119,25,Female,6.9,8.6,97,3,10,1
120,22,Female,8.1,3.8,8,7,10,5
121,25,Male,6.3,8.1,21,5,1,2
122,22,Male,3.4,9,12,4,2,9
123,19,Male,6.9,4.9,88,5,5,7
124,24,Female,9.7,9.2,47,8,3,4
125,22,Female,4.2,4.4,17,3,2,4
126,25,Male,7.8,9.7,114,7,1,2
127,19,Female,4.4,1.8,75,6,10,5
128,18,Female,6.8,7.2,39,1,3,4
129,21,Male,3.7,5.4,16,7,1,1
130,21,Male,6.2,4.5,14,7,1,8
131,21,Female,8.3,6.7,105,1,1,3
132,22,Female,5.4,7.3,14,9,8,6
133,18,Female,7.7,1,78,6,3,4
134,22,Female,8.6,2.5,62,2,1,9
135,24,Male,9.5,7.4,118,5,7,7
136,22,Male,4.6,7,38,4,10,9
137,18,Female,5.8,9.7,12,7,3,10
138,18,Male,4.1,7.8,80,8,8,3
139,24,Male,9.9,9.6,31,1,4,1
140,18,Male,9.5,7.3,8,5,4,5
141,25,Male,6.8,3.7,39,3,5,3
142,18,Male,8.9,1.9,19,1,6,6
143,21,Male,6.6,8,89,3,7,8
144,25,Male,7.4,6.8,90,6,4,4
145,25,Male,3.6,1.4,84,7,8,5
146,24,Female,8.3,4.2,81,8,6,5
147,20,Female,3.9,9.6,76,4,1,4
148,20,Female,8.8,5.5,79,3,1,4
149,18,Female,8.5,4.9,72,5,9,4
150,25,Female,8,5.1,62,9,10,4
151,20,Male,3.3,2.9,75,6,6,4
152,20,Female,5.1,4.3,43,9,10,5
153,18,Female,4.8,4.3,37,6,8,2
154,20,Female,5.5,1.5,82,2,7,2
155,22,Male,3.6,7.9,59,5,6,9
156,19,Male,9.6,4.7,70,9,4,2
157,24,Male,6.9,8.4,120,8,7,6
158,19,Male,5.1,8.7,98,7,9,2
159,18,Female,5.8,2.9,47,1,10,5
160,21,Female,6.1,6.9,17,4,10,4
161,24,Male,7.2,5.3,15,7,7,7
162,18,Other,6.6,8.9,54,7,1,7
163,25,Female,9.4,2.9,38,6,10,6
164,21,Male,6.5,7.1,67,8,9,10
165,19,Male,9.9,6.5,58,6,4,5
166,18,Male,9,3.7,88,10,3,1
167,25,Male,4.5,2.2,95,3,4,3
168,24,Male,9.5,6.9,61,4,4,9
169,24,Male,3.8,7.6,103,3,10,1
170,23,Male,8.7,3.8,12,1,2,5
171,25,Male,5.7,6.8,108,10,1,2
172,22,Female,9.1,4.6,80,5,10,4
173,20,Male,9.1,7.4,112,1,1,1
174,21,Female,8.6,2.8,100,1,8,3
175,25,Male,8.5,9,5,2,2,10
176,23,Other,5.1,3.6,82,4,10,7
177,20,Male,3.6,4.3,76,6,5,10
178,20,Male,5.8,1.5,120,8,4,3
179,18,Other,4.2,2,59,3,8,4
180,20,Female,7.9,5.6,89,1,2,2
181,22,Female,5.4,3.4,13,3,10,3
182,24,Male,9.8,8.5,94,3,9,9
183,23,Male,7.5,1.1,53,5,7,3
184,20,Female,8.8,4.4,3,4,7,5
185,18,Other,3.9,4,38,4,1,2
186,22,Female,9,1.2,71,9,2,4
187,19,Female,9.5,2.1,24,7,4,7
188,24,Male,6.4,4.7,76,4,4,7
189,24,Female,7.2,5.4,31,3,3,3
190,23,Male,8.4,4.6,58,6,7,5
191,24,Male,4.2,5.8,101,3,8,1
192,20,Male,6.5,6.4,62,6,2,10
193,18,Female,5.8,1.1,37,9,4,10
194,24,Male,4,5.2,119,6,3,10
195,24,Male,5.6,9.7,91,4,2,1
196,19,Female,3.5,5.7,52,5,6,5
197,19,Male,3.2,7.1,93,6,4,10
198,21,Female,3.9,3.8,66,3,6,9
199,22,Male,9.7,8,27,8,2,1
200,20,Female,6.8,8,2,4,4,1
201,24,Female,9.8,5.7,108,8,6,4
202,25,Male,6,9.8,117,10,5,4
203,24,Male,5.2,2.1,97,10,3,2
204,18,Male,6.5,1.2,79,3,8,9
205,21,Male,6.1,7.9,21,10,7,9
206,22,Other,3.7,8.3,95,7,3,2
207,25,Male,7.5,2.1,37,9,6,9
208,21,Female,4.5,3.4,71,4,4,6
209,23,Male,7.3,1.2,118,8,5,8
210,22,Female,7.6,3.6,71,3,5,10
211,24,Female,4.1,8,61,7,7,4
212,24,Female,3.4,5.7,56,3,5,2
213,22,Female,8.5,4.1,5,7,3,2
214,24,Male,6.2,4.3,77,10,10,9
215,20,Male,3.4,1,31,10,5,1
216,22,Other,10,3.7,98,6,7,7
217,21,Female,3.4,6.8,9,2,5,3
218,22,Other,7.9,9.8,2,3,5,3
219,25,Male,9.9,8.6,58,6,9,2
220,24,Female,4.7,1.2,75,4,3,10
221,20,Other,4,9.1,48,6,6,6
222,20,Male,3.8,8,58,1,1,10
223,23,Male,5.1,8,30,10,10,2
224,21,Female,3.7,5.1,92,1,5,10
225,19,Female,7.8,4.6,68,3,8,4
226,19,Female,3.4,3.7,61,8,5,10
227,22,Male,6.6,1.6,51,8,9,9
228,23,Female,10,3.1,88,4,6,9
229,18,Male,8.7,3.2,40,6,8,6
230,22,Male,7.3,5.4,30,8,10,4
231,23,Male,5.1,7.7,84,7,8,7
232,21,Female,7.4,5.3,83,7,3,1
233,21,Female,6.7,1.5,102,4,7,4
234,21,Female,6,9.6,21,9,7,5
235,21,Male,3.9,9.5,3,10,10,8
236,21,Female,9.2,8.1,12,6,6,2
237,23,Male,6.1,9.9,44,3,7,5
238,23,Female,4.4,5.9,41,5,2,6
239,20,Male,5.6,9.7,113,5,9,5
240,25,Male,5.9,1.7,48,5,10,9
241,19,Female,8.8,4.3,19,8,10,10
242,24,Male,8.1,3,115,9,1,1
243,21,Female,8.4,2.8,76,9,1,3
244,18,Female,3.1,2.3,80,6,3,2
245,24,Male,5.9,6.6,53,6,3,3
246,23,Female,6.4,8,35,9,1,10
247,18,Male,3.1,6.2,96,4,7,9
248,18,Female,4.8,2.3,0,6,4,9
249,18,Other,8.3,8.3,14,4,10,10
250,20,Female,4,6.7,76,1,2,2
251,23,Male,6.7,4.5,16,7,10,3
252,18,Other,4.5,7.1,23,10,5,4
253,21,Female,3.1,3.3,57,6,6,9
254,22,Male,4.7,4.1,71,9,9,3
255,18,Male,9.8,9.3,113,7,4,7
256,20,Female,8.6,3.6,90,7,2,3
257,24,Female,9.7,5.2,108,2,5,7
258,23,Female,6.4,9,22,9,3,7
259,25,Female,3.8,7.4,45,10,2,9
260,20,Female,6.8,1.6,71,9,1,2
261,18,Male,6.2,2.3,7,6,10,6
262,23,Male,8.9,1.1,58,3,2,9
263,22,Male,3.7,6.7,89,1,6,2
264,18,Female,6.4,5,110,4,8,2
265,20,Male,4.1,2.2,58,3,3,5
266,19,Female,5.3,9.6,12,1,9,10
267,21,Female,8.2,5.8,38,3,9,10
268,25,Female,6.3,3.2,100,4,2,10
269,24,Male,5.6,5.5,112,8,8,8
270,20,Female,5.8,7.1,27,9,10,9
271,23,Male,6.2,1.7,88,3,5,2
272,25,Female,8.5,3.5,60,6,4,5
273,25,Male,9.2,8.3,15,10,10,7
274,25,Male,9.7,5.1,118,5,5,6
275,18,Female,8.5,5.9,1,6,4,6
276,21,Male,5.2,4.9,117,4,8,7
277,18,Male,7.8,1.4,81,10,4,3
278,23,Female,6.1,2.5,16,6,10,3
279,18,Female,4.8,5,29,7,6,10
280,19,Female,8.9,2.9,102,9,2,9
281,21,Female,3.3,1.4,12,10,5,8
282,21,Female,9.3,8.6,95,7,6,5
283,23,Male,6.2,9.8,113,6,5,6
284,24,Male,7.5,8.1,92,1,2,10
285,19,Male,7.6,8.7,109,2,7,1
286,20,Other,9.3,3.2,93,1,4,10
287,18,Female,7.5,9.6,81,9,8,1
288,22,Male,7.3,2.8,12,10,7,4
289,18,Female,3.5,9.6,42,10,7,2
290,25,Other,6.6,10,84,9,9,7
291,18,Male,4.1,7.4,93,7,1,2
292,20,Female,8.2,9.8,20,2,10,10
293,18,Female,6.6,6.1,111,6,6,2
294,19,Female,7.8,3.3,54,4,6,5
295,19,Male,3.3,4.9,80,1,6,4
296,21,Female,3.6,6.3,39,1,6,8
297,23,Other,8,1.7,82,5,10,4
298,24,Female,3.5,6.6,115,2,7,6
299,22,Female,3.5,9.8,14,4,10,5
300,25,Other,3.1,2.7,72,1,6,2
301,18,Female,9.7,8.1,51,4,1,8
302,18,Male,8.2,9.2,73,6,3,2
303,20,Female,5.5,9.5,107,10,2,9
304,23,Female,5.1,9.6,94,4,6,9
305,19,Male,5.4,5.7,52,1,8,3
306,22,Female,8.4,9.8,86,7,3,4
307,21,Other,7.6,7.8,51,2,10,8
308,19,Other,4.3,2.5,29,9,8,9
309,25,Female,4.2,5.3,32,3,8,3
310,23,Male,3.7,7.5,56,8,5,5
311,25,Other,7.6,3.2,51,8,8,8
312,24,Female,8.4,6.8,8,3,6,3
313,21,Male,4.9,7,53,4,5,7
314,24,Other,3.1,2.5,110,2,9,8
315,20,Female,3.6,6.1,0,4,7,10
316,25,Female,9.8,7.9,43,9,8,3
317,20,Female,5.1,5.5,98,2,1,2
318,18,Male,8.4,1.1,74,3,2,10
319,24,Male,7.4,1.1,97,4,8,7
320,23,Male,5.7,4.2,79,5,9,9
321,25,Female,4.4,9.3,8,1,4,1
322,22,Male,3.8,3.1,31,7,10,3
323,21,Male,7.3,6.7,14,10,10,5
324,19,Male,8.4,3,11,7,9,3
325,23,Female,7.5,3.9,96,9,4,1
326,23,Other,6.7,8.6,108,4,10,7
327,20,Male,3.3,7.6,77,6,10,7
328,24,Male,9.8,1.9,120,2,10,10
329,25,Female,8.6,4.9,56,4,9,8
330,25,Female,5,1.3,7,2,7,5
331,18,Male,9.9,5.3,71,10,2,10
332,18,Female,7.2,7,26,5,9,5
333,21,Male,7.1,2.1,61,7,4,5
334,20,Male,8.2,3.6,11,1,8,1
335,23,Female,8.7,4.6,64,10,7,10
336,25,Male,7.6,9.3,106,10,7,5
337,22,Other,3.9,9.9,103,7,8,6
338,20,Male,5.4,1.4,41,10,1,1
339,21,Female,9.5,7.8,61,6,5,7
340,21,Female,4.6,4.3,114,6,2,1
341,20,Male,5.6,4.5,10,8,2,2
342,21,Female,6,7.8,102,8,1,2
343,20,Male,6.1,9.3,42,6,5,5
344,19,Other,7.3,9.6,94,3,2,10
345,20,Male,9.6,6.2,16,5,4,7
346,24,Male,4.7,4.2,96,2,3,1
347,20,Male,3.9,8.1,31,5,3,10
348,21,Other,4.4,3.3,92,9,2,1
349,25,Female,9.2,6.1,84,10,6,1
350,24,Female,7.5,4.2,84,1,2,6
351,21,Male,5,6.9,39,10,8,2
352,18,Female,8.7,3.2,22,5,8,1
353,18,Male,9,2.7,55,6,5,6
354,25,Female,8.9,9.3,5,7,10,2
355,25,Male,9.4,1.9,85,9,7,6
356,24,Male,4.8,5.6,49,6,4,10
357,19,Male,8.3,3,101,5,1,8
358,25,Female,6.2,1.4,36,7,2,2
359,18,Female,8.9,1.3,108,1,10,9
360,20,Male,8.1,2.6,63,5,10,8
361,21,Female,8.4,8.8,114,2,4,10
362,18,Female,7.6,3.5,53,4,1,1
363,18,Female,4.2,9.6,71,7,8,7
364,19,Male,6.8,6.2,104,5,9,10
365,24,Male,9.9,4.9,48,6,4,6
366,24,Female,9.6,6.2,98,2,10,6
367,23,Male,3.3,5.7,114,3,3,6
368,19,Male,4.2,7.8,10,7,2,6
369,20,Female,3.9,3.5,87,2,5,10
370,24,Other,8.1,4.2,48,6,3,7
371,21,Male,8.7,9,20,5,10,3
372,25,Male,4.5,9.5,114,10,7,6
373,19,Female,6.5,9,65,1,6,3
374,25,Male,8.9,4.8,62,10,1,7
375,18,Male,8.1,8,103,4,8,7
376,21,Male,6.8,5.3,82,2,2,8
377,21,Female,7.1,5.5,102,4,5,2
378,18,Female,6.6,2.8,27,1,9,9
379,19,Male,5.1,6.3,16,2,8,5
380,18,Male,7,2.7,5,8,2,9
381,25,Male,7.8,4,18,6,9,10
382,23,Female,9.1,8.7,55,2,5,5
383,21,Male,7.5,2.9,101,6,10,7
384,22,Male,8.3,1.6,27,10,6,9
385,22,Female,4.1,1.6,65,9,3,4
386,25,Male,6.2,9.5,37,7,3,2
387,20,Female,3.1,5.6,118,9,10,9
388,24,Male,4.7,4.7,36,5,8,2
389,18,Male,8.1,8.3,114,7,10,3
390,18,Male,9.9,8.5,115,7,10,10
391,20,Female,3.7,4,67,3,2,2
392,20,Female,5.8,7.2,85,7,2,3
393,25,Female,8.6,7.9,89,1,5,6
394,25,Male,4.4,6.9,48,9,6,3
395,20,Female,6.9,2.4,42,10,2,10
396,21,Male,8.1,8.9,35,6,5,8
397,25,Male,7.3,5.9,57,5,7,6
398,23,Female,4.3,3.5,12,7,10,7
399,25,Male,5.5,4.8,51,5,10,1
400,18,Male,8.5,1.3,57,10,8,3
401,25,Male,6.9,2.2,31,5,7,3
402,21,Male,3,7.9,80,10,8,2
403,20,Male,8.3,1,104,7,9,7
404,18,Female,3.2,4.7,99,10,5,9
405,25,Male,8.2,5.7,118,7,5,4
406,21,Female,4.4,1.5,59,3,10,5
407,23,Female,9.7,9.8,109,3,4,3
408,25,Male,5.6,3,82,10,9,9
409,21,Male,5.3,3.7,57,3,5,4
410,23,Male,4,3.7,98,6,2,5
411,20,Female,5.1,3.1,109,6,10,1
412,25,Male,9.1,1,103,3,8,2
413,23,Female,10,7.6,55,3,7,9
414,18,Male,5.6,9.7,27,8,8,2
415,20,Female,6.1,3,0,8,3,5
416,18,Male,8.1,7,41,7,4,8
417,22,Male,9.2,7.7,81,10,5,3
418,19,Other,7.2,8.6,47,4,6,6
419,25,Female,5.7,4.8,39,4,1,4
420,23,Male,5.9,3.7,96,3,4,7
421,19,Female,7.9,3.9,62,5,10,10
422,19,Female,3,7.4,75,3,5,3
423,23,Female,7.3,8.4,71,8,7,6
424,20,Female,5.5,2.6,87,7,5,10
425,25,Male,8.6,4.3,79,3,1,9
426,22,Male,3.7,9.1,113,9,7,10
427,18,Male,7.1,8.3,3,5,8,1
428,21,Female,6.4,9.9,37,9,7,3
429,18,Female,7.5,7.8,107,7,4,2
430,21,Male,3.5,4.5,26,7,8,8
431,18,Male,7.1,6.3,8,6,5,7
432,23,Female,6.9,6.9,110,2,10,2
433,22,Other,6.9,1.7,15,9,9,6
434,25,Female,7.2,5.9,55,6,10,3
435,21,Male,7.7,7.4,75,8,5,8
436,25,Male,8.6,2.5,30,1,1,10
437,25,Male,4.9,8,87,5,9,3
438,25,Other,8.8,6.3,118,1,5,10
439,24,Male,6.5,9.6,13,10,6,9
440,20,Female,3.5,1.4,108,8,4,1
441,18,Male,3.4,3.4,24,8,6,5
442,25,Female,5.3,6.4,33,1,8,3
443,18,Female,8.5,3.7,66,9,3,6
444,25,Female,8,7.4,23,2,5,10
445,21,Male,8.5,7.8,117,9,2,2
446,20,Male,6.6,1.9,105,1,2,9
447,20,Male,6.1,5.6,72,10,7,6
448,23,Other,4,5.6,25,9,10,7
449,24,Female,5.3,4.3,19,4,10,5
450,23,Female,6,9.4,63,9,10,9
451,23,Female,3.6,8.4,103,7,6,1
452,23,Female,4.5,7.3,9,6,4,5
453,23,Male,7.2,7.4,82,5,5,10
454,23,Other,8.1,5.2,66,9,1,6
455,22,Male,10,9.3,23,2,7,7
456,20,Male,9.5,7.3,4,2,8,4
457,23,Female,7.5,7.6,66,9,9,1
458,25,Male,5.9,8.8,57,3,8,8
459,20,Male,7.5,3.5,26,8,5,10
460,20,Female,8.5,8.3,79,9,3,4
461,19,Male,3.8,2.8,112,8,10,3
462,22,Female,5.9,4.1,14,4,9,7
463,23,Male,8.9,4,34,1,6,2
464,18,Male,5.7,9.8,75,4,5,8
465,21,Male,7,8.7,104,9,3,6
466,24,Male,7.1,7.3,52,2,6,7
467,25,Female,4.3,7.5,43,3,3,5
468,18,Male,5.5,6.1,25,10,10,9
469,22,Female,5.3,9.5,46,8,6,5
470,21,Female,3.2,5.5,33,6,4,5
471,22,Female,3.2,4.4,86,8,2,3
472,25,Other,8.8,2.5,94,7,8,1
473,20,Female,4.9,8.1,49,5,4,2
474,21,Male,6.6,7.6,83,9,9,8
475,20,Male,5.1,4.5,11,4,7,1
476,25,Male,9.6,1.2,86,6,2,7
477,18,Female,4.8,8.6,3,2,4,5
478,25,Male,6,1.1,86,2,5,3
479,18,Female,9.1,7.3,47,2,3,7
480,21,Female,8.9,9.7,54,10,9,9
481,21,Male,4.3,4.9,111,7,5,2
482,23,Female,8.6,3.1,0,2,2,8
483,22,Male,6.2,7.3,117,2,3,9
484,23,Male,6.4,8.4,88,9,9,3
485,22,Female,3.9,5.9,65,7,7,2
486,23,Female,3.6,9.7,29,3,2,7
487,20,Female,8.1,1.5,2,3,9,5
488,21,Male,6.5,5.5,20,7,4,5
489,18,Male,6.1,7.5,88,5,9,10
490,22,Female,8.1,8.8,83,10,2,5
491,25,Female,8.4,2.6,48,6,10,4
492,22,Female,4.1,8.2,115,8,4,5
493,18,Male,7.3,6,85,9,5,4
494,23,Female,3.9,4.6,84,1,2,6
495,22,Male,8.3,2.2,61,3,10,4
496,24,Male,7.6,8.8,96,7,1,2
497,20,Other,9.7,2.4,115,6,7,9
498,21,Male,3.5,3.8,37,7,10,2
499,18,Other,3.4,3.6,14,8,1,9
500,21,Male,5,8.8,109,6,8,10
501,24,Male,4.8,7.1,51,3,3,6
502,22,Female,4.7,8.2,78,2,10,9
503,22,Female,9.3,3.3,45,7,6,9
504,25,Female,4.7,6.6,24,1,7,3
505,24,Female,4.9,6.1,20,3,10,1
506,18,Female,8.3,8.5,87,4,1,1
507,25,Female,6.1,9.2,120,1,6,3
508,20,Female,8.4,1.1,4,5,7,5
509,25,Male,3.5,7.1,69,10,6,3
510,19,Female,6.4,1.5,112,3,4,9
511,18,Male,3.2,5.9,106,2,1,9
512,19,Other,3.4,3.6,111,3,9,3
513,24,Other,9.3,3.8,107,8,4,3
514,23,Male,4,4.2,46,6,7,5
515,19,Female,6.7,6.6,86,7,7,2
516,20,Other,5.9,4,67,6,2,6
517,25,Male,5.4,7.6,90,6,1,7
518,23,Female,9.3,4.6,17,3,8,9
519,25,Other,3.2,1.6,20,8,8,6
520,19,Male,7.6,8.1,91,7,7,3
521,25,Female,9.7,3.6,98,7,8,5
522,24,Male,6.9,4.9,85,6,3,4
523,23,Other,9.6,7.2,103,5,2,5
524,24,Other,3.4,4,22,10,7,8
525,19,Other,5.9,1.5,63,8,8,8
526,24,Female,4.8,4.4,66,5,1,6
527,20,Female,8.1,9.5,39,9,10,1
528,19,Female,9.9,6.8,113,9,9,8
529,19,Male,4.8,7,9,1,4,8
530,19,Female,7.6,6.7,88,6,4,2
531,18,Male,4.4,2.8,51,7,3,4
532,25,Female,7,4.8,112,3,6,2
533,18,Male,6.2,7.8,71,7,1,4
534,18,Male,9.8,1.9,118,7,6,10
535,20,Male,7.3,3.5,74,2,2,7
536,23,Female,5.4,3.5,60,7,9,9
537,25,Male,3.8,4.9,63,1,2,8
538,24,Female,4.1,9.8,4,5,7,9
539,22,Male,4.6,1.6,108,9,1,8
540,19,Male,4.8,5.7,52,7,7,2
541,24,Female,9,2.6,54,7,5,7
542,19,Female,6.9,9.7,36,2,8,2
543,20,Male,6.7,2,55,8,4,2
544,19,Female,3.8,4.6,58,3,10,4
545,18,Female,9,7.6,108,8,7,1
546,25,Female,8.1,7.3,101,3,6,5
547,22,Male,3.5,4.8,92,10,5,6
548,21,Male,8,4.1,68,7,4,9
549,19,Female,6.8,4.6,72,2,7,10
550,24,Male,3.6,3.4,58,4,5,8
551,18,Female,6.2,2.8,111,6,5,2
552,21,Female,6.4,5.3,1,9,1,1
553,22,Other,4.2,3.4,64,5,2,2
554,21,Female,9.6,3.6,103,9,5,7
555,18,Other,8.9,6.9,59,5,3,4
556,25,Male,7.7,9.7,50,10,2,10
557,25,Female,6.2,6.4,29,8,4,5
558,23,Male,5.9,1.7,10,1,4,7
559,25,Female,7.6,1.7,91,7,4,3
560,23,Female,6.8,9.6,107,4,4,10
561,21,Female,3.4,3.7,75,5,3,2
562,20,Other,6.6,1.8,38,6,7,7
563,24,Female,8.6,6.4,89,5,9,5
564,24,Male,6.2,6.6,76,1,5,1
565,21,Male,3.4,6.8,71,9,4,1
566,19,Female,8.5,3.4,62,2,2,9
567,19,Male,4.4,1.1,63,9,2,5
568,25,Male,4.8,9.7,60,10,5,1
569,24,Male,4.2,3.3,53,2,7,7
570,24,Male,5.3,7.1,91,9,10,9
571,23,Male,8.3,7.4,93,6,10,1
572,20,Male,6.6,6.5,72,9,9,10
573,18,Male,4.4,3.8,102,6,7,4
574,19,Male,9.1,3.4,94,6,5,3
575,24,Other,9.2,6.4,57,2,10,5
576,23,Male,9.1,8.8,84,8,10,7
577,22,Male,4.7,9.5,55,3,10,8
578,23,Female,6.2,2,110,7,6,2
579,19,Male,9.9,2.4,33,5,3,7
580,19,Other,8.4,9.5,118,3,5,1
581,23,Female,3.2,7.6,30,1,8,7
582,18,Male,3.5,8.9,51,8,1,8
583,21,Male,6.2,2.8,88,3,1,2
584,19,Female,9.4,6.3,75,2,7,9
585,23,Other,6.8,7.3,0,1,5,1
586,24,Female,6.5,7.1,54,4,5,6
587,23,Female,3.7,4.7,21,8,1,1
588,20,Male,7.6,1.1,39,3,9,3
589,21,Other,8.8,6.2,100,1,1,6
590,22,Male,5.7,3.3,110,4,5,3
591,18,Other,8.4,5.1,0,9,10,8
592,25,Female,9.8,9.6,64,1,9,5
593,22,Female,4.4,4.6,120,2,4,2
594,21,Female,6.7,8.6,62,9,8,4
595,21,Male,5,2.7,105,2,6,9
596,21,Male,8.5,7.1,53,3,3,4
597,22,Male,7,9.8,41,7,4,10
598,24,Male,7.4,1.9,20,3,2,10
599,21,Female,8.6,1.1,78,9,1,8
600,23,Male,5.8,4.9,80,6,8,5
601,22,Male,9.4,1.8,21,3,1,10
602,25,Other,6.7,7.7,37,9,1,1
603,21,Female,4.1,9.2,98,1,4,7
604,23,Other,7.9,4.9,108,10,10,3
605,24,Other,8.6,3.3,79,3,10,10
606,20,Male,5.2,4.9,7,1,6,8
607,24,Male,9,7.5,61,2,9,3
608,25,Female,9.3,1.1,46,8,1,1
609,21,Female,4.9,6.3,16,7,7,5
610,25,Male,9.9,6.5,16,2,10,2
611,22,Female,4,6.7,117,2,5,4
612,19,Male,4.4,3.2,89,9,8,1
613,21,Male,4.3,7.4,12,6,7,9
614,19,Female,9.3,1.8,16,5,4,6
615,23,Female,7.6,2.8,37,10,4,8
616,20,Female,4.1,8.9,80,6,6,4
617,18,Male,6.1,7.6,111,9,6,9
618,25,Female,7.3,1.1,77,7,9,2
619,24,Male,3.6,3.2,44,10,5,9
620,20,Male,9.2,2.9,5,10,8,5
621,21,Female,8.6,3.4,34,9,5,6
622,19,Other,6.5,3.2,109,4,2,3
623,24,Female,9.8,1.6,13,2,6,4
624,19,Female,5.9,5.1,110,8,9,6
625,22,Female,9.9,7.6,71,4,3,7
626,19,Female,7.7,6.5,60,9,1,1
627,22,Male,7.4,7.1,14,4,1,7
628,23,Male,4.2,1.7,53,8,3,1
629,24,Male,9.2,9.6,26,9,10,5
630,24,Male,6,8.5,12,9,5,6
631,18,Female,4.1,8.2,112,10,3,2
632,21,Female,3.1,8.4,30,4,9,10
633,22,Male,6.9,9.4,116,1,8,9
634,18,Male,6.7,5.9,119,3,3,10
635,19,Female,8,2.8,34,9,9,6
636,19,Male,9.2,6.6,59,4,6,7
637,18,Female,3.6,7.7,5,5,7,10
638,24,Female,8.1,7.6,68,7,4,8
639,19,Female,4.3,5.7,85,5,4,10
640,25,Female,9,1.6,57,4,2,1
641,23,Female,8.7,4.3,48,2,5,8
642,23,Male,6.8,9.3,22,2,8,4
643,25,Female,8,6.3,88,4,7,10
644,18,Female,5.2,5.8,33,10,7,8
645,25,Male,6.3,3.4,25,10,6,6
646,22,Female,8.8,4.3,46,9,3,9
647,22,Female,6.2,9.1,4,8,5,4
648,18,Female,5.5,7,89,3,1,2
649,25,Female,6.5,8.1,19,9,7,2
650,22,Female,8.8,5.1,5,5,9,5
651,24,Female,5.3,6.7,69,3,1,10
652,25,Female,4.2,3.2,58,5,2,9
653,24,Female,8,7.3,63,10,3,3
654,22,Female,8.8,4.8,113,4,3,8
655,23,Female,3.7,5,17,8,8,4
656,22,Female,4.7,6.8,3,5,7,6
657,24,Male,4,9.4,16,10,6,10
658,20,Female,5.4,1.6,120,8,10,6
659,21,Female,6.2,8.4,13,9,10,3
660,19,Male,8.2,3.6,77,4,4,5
661,25,Female,7.6,5,12,7,9,3
662,20,Male,7.3,1.2,6,2,1,1
663,22,Male,5.5,3.7,43,6,2,7
664,23,Female,8.9,5.5,118,8,4,4
665,18,Male,6.3,1.5,14,7,3,7
666,22,Female,9.9,5.4,18,7,1,3
667,23,Female,7.4,9.3,62,8,5,5
668,21,Female,3.9,1.9,106,7,7,5
669,22,Male,7.7,7.9,110,5,2,2
670,24,Male,5.3,4.7,107,7,5,10
671,18,Female,7.8,6.9,34,10,6,2
672,23,Other,3.5,3.3,80,3,7,4
673,23,Female,4.2,2.4,34,5,1,4
674,23,Male,9,2.4,18,7,7,4
675,21,Female,4.6,1.6,19,9,4,6
676,22,Female,8.9,2.7,99,2,8,2
677,21,Female,5,7,34,4,4,6
678,25,Male,7.5,8.9,31,7,6,7
679,19,Female,7.9,8.3,47,1,9,10
680,19,Female,6.6,7.2,43,2,5,3
681,25,Other,5.1,2,103,9,4,8
682,22,Male,4.5,3.6,23,10,8,2
683,24,Female,3.2,3.8,60,7,9,8
684,21,Other,5.1,3.2,16,10,4,5
685,18,Male,7.6,5.6,70,7,3,2
686,23,Other,9.6,5.8,106,6,8,7
687,23,Female,9.1,4.2,49,3,5,2
688,22,Male,8.4,4.2,64,10,2,6
689,24,Male,8.5,8.5,98,3,10,10
690,19,Female,7.7,8.1,31,2,9,3
691,19,Male,4.8,3.8,35,6,3,9
692,23,Female,9.4,9.2,12,4,2,3
693,22,Male,7.7,9.6,69,5,1,3
694,21,Female,6.9,3.9,57,3,8,5
695,19,Male,3.8,4.2,13,6,3,7
696,21,Female,6.1,5.6,36,3,7,8
697,24,Other,6.2,9.5,111,8,1,7
698,19,Other,9.1,8.9,78,9,1,9
699,19,Female,6.8,1.9,110,4,9,5
700,20,Male,5.7,4.5,67,9,8,10
701,19,Female,9.8,6,39,7,3,3
702,25,Male,3.8,5.5,58,3,6,6
703,18,Male,6,2.7,79,7,3,5
704,25,Male,3.3,8.7,91,1,4,4
705,22,Female,8.2,7.1,15,3,1,2
706,22,Female,9.4,8.5,61,6,5,7
707,21,Female,5,8.7,3,4,1,5
708,25,Male,9,7.7,44,7,1,4
709,25,Male,5,5,89,3,10,8
710,25,Other,9.4,6.5,27,1,7,9
711,24,Male,8.3,2.4,95,9,6,9
712,19,Female,8.6,7.1,108,6,2,3
713,18,Male,3.1,2.6,65,8,2,3
714,21,Female,9.7,7.2,30,3,7,5
715,25,Female,8.1,3.1,2,8,1,5
716,25,Male,5.1,2.1,117,2,2,10
717,20,Male,8.8,2.5,7,4,8,2
718,21,Female,5,1,23,3,6,1
719,25,Female,9.1,7.5,14,10,2,8
720,21,Male,3.8,7.6,42,1,7,3
721,19,Other,7.9,5.6,30,7,4,1
722,20,Male,6.8,2.5,72,10,2,1
723,21,Male,3.7,1.8,102,2,6,2
724,18,Other,4.7,1.2,44,4,9,6
725,18,Male,3.1,2.5,65,9,9,6
726,22,Female,6.3,9,7,6,8,3
727,20,Male,5.1,3.2,70,8,3,4
728,20,Male,7.2,4.2,119,2,3,2
729,22,Other,5.1,1.9,107,7,2,2
730,21,Male,5.1,3,114,6,5,7
731,20,Female,8.2,5.7,102,9,4,1
732,18,Male,3.3,6.5,105,7,7,7
733,18,Male,9.3,3.2,56,1,4,1
734,25,Male,9,1.5,79,8,9,6
735,19,Female,7.7,4.5,98,10,2,3
736,20,Male,7.2,3.1,29,3,6,8
737,21,Female,9.2,3,73,2,7,6
738,22,Female,4.3,9.6,101,3,4,2
739,22,Other,3.6,6.5,17,6,6,8
740,21,Male,4.7,6,113,3,7,5
741,24,Female,8.6,4.7,68,10,4,8
742,23,Female,3.2,4.9,116,5,8,8
743,19,Female,7.1,5.9,92,6,9,6
744,22,Female,10,7.3,38,8,1,2
745,20,Female,9,7.3,59,7,7,8
746,19,Female,6.7,2.5,97,8,9,6
747,20,Male,3.4,5.5,42,3,10,6
748,24,Male,8.8,4.7,44,4,5,8
749,18,Other,7.2,8.8,22,6,2,1
750,19,Female,3.8,6.7,68,7,10,2
751,25,Female,3.7,5.8,93,9,6,9
752,22,Female,9.4,2,5,1,7,8
753,19,Male,7.7,6.5,55,8,2,7
754,19,Male,8.8,2.1,109,8,2,7
755,19,Female,9.2,4,107,6,10,5
756,23,Male,7,2.3,3,4,10,2
757,19,Male,6.6,7.2,92,3,1,6
758,20,Female,6,2.9,22,3,4,10
759,18,Male,5.2,4.5,5,6,7,3
760,24,Female,6,9.1,31,8,9,4
761,21,Male,8.4,2.8,105,7,3,10
762,19,Female,7.2,5.6,17,1,7,2
763,22,Male,9.2,4.8,14,6,7,2
764,19,Female,6.1,1.2,39,7,7,8
765,22,Male,7.2,8.1,95,7,2,8
766,20,Male,7.4,1.6,72,9,6,10
767,22,Male,7.1,5.3,100,10,2,6
768,25,Female,7.9,6,73,5,6,5
769,21,Female,4.7,6.7,83,1,10,8
770,18,Male,6.6,7.2,5,2,3,4
771,22,Female,3.7,3.3,111,4,2,4
772,22,Female,5.7,1.1,119,5,6,5
773,18,Female,6.4,7.5,62,9,2,1
774,21,Male,7.6,5.8,66,1,5,1
775,19,Female,9.7,8.5,105,3,2,2
776,22,Male,7.2,8.4,10,5,3,8
777,18,Male,8.2,8.6,42,3,3,7
778,25,Other,6.5,5.4,16,4,6,10
779,25,Male,7.4,4,95,3,6,9
780,20,Female,3.5,8.1,3,4,10,5
781,18,Female,4.8,5.1,62,1,3,2
782,20,Female,5.5,2.7,67,8,3,7
783,25,Female,6.3,8.7,80,4,1,8
784,21,Male,3.3,8.9,40,7,7,7
785,19,Male,4,5.2,82,2,8,7
786,18,Female,4.9,1.7,4,2,2,5
787,24,Male,9.8,4.5,31,6,4,2
788,25,Male,5.3,8.2,85,2,10,6
789,25,Male,6.4,9.1,119,6,7,4
790,24,Male,4.4,2.8,69,2,8,10
791,23,Male,7.3,1.6,34,4,1,2
792,25,Male,5,8.9,21,7,4,9
793,22,Female,4.4,4.5,64,8,6,7
794,21,Female,6.6,5.9,83,3,3,6
795,18,Female,3,9.7,21,9,5,5
796,24,Male,3.1,1.6,111,2,10,3
797,22,Male,4.5,6.8,118,8,9,10
798,24,Male,3.3,1.7,10,8,3,10
799,18,Female,3.8,4.4,76,4,5,4
800,20,Female,5.4,8.2,105,1,8,3
801,18,Male,8.6,4.9,2,1,6,8
802,23,Other,7,10,8,2,4,3
803,18,Male,6.6,6,59,9,8,7
804,18,Female,5.1,3.9,75,2,3,7
805,23,Female,9.5,3,86,2,3,7
806,21,Female,5.8,4.2,13,6,4,7
807,25,Female,3.6,4.4,96,7,9,2
808,18,Female,7.3,1.6,17,7,5,10
809,23,Male,3.8,4.3,112,9,8,3
810,22,Female,5.4,5.2,104,6,6,10
811,20,Male,6.6,7.5,72,8,3,9
812,20,Female,9.1,6.9,22,6,8,3
813,18,Female,6.5,7.4,73,2,9,2
814,21,Female,7.9,1.1,82,1,8,9
815,21,Female,9.9,3,46,5,4,10
816,22,Female,3.9,7,68,9,6,9
817,18,Female,4.9,5.4,46,8,1,4
818,20,Female,5.8,1,115,4,4,9
819,21,Male,6,8.2,86,5,8,3
820,18,Male,5.9,8,29,5,1,7
821,24,Male,9.4,5.9,24,6,3,7
822,21,Male,8,1.6,27,3,1,8
823,23,Female,7.3,7.9,97,5,9,10
824,24,Male,5.2,6.3,108,2,2,4
825,25,Other,8.8,8,119,10,9,3
826,21,Male,9.7,7.8,111,1,4,3
827,20,Male,8.7,8.2,110,1,2,5
828,19,Female,3,5.7,24,10,4,1
829,24,Female,7.5,2.3,73,7,10,10
830,25,Female,3.4,7,77,2,6,3
831,22,Female,4.8,6.6,105,4,7,6
832,22,Female,3.4,7.7,120,5,3,3
833,20,Male,7.2,2.5,109,7,3,5
834,21,Other,7.8,2.8,57,2,10,9
835,18,Other,3.8,9,93,6,8,2
836,21,Female,5.7,7.7,118,1,5,2
837,20,Male,6.2,9.2,40,7,4,6
838,22,Female,5.6,7.8,24,9,7,6
839,21,Male,3.8,6.4,77,5,7,8
840,22,Male,5.9,6.9,98,5,9,2
841,24,Male,8.3,9,115,4,9,9
842,25,Female,3.5,6.2,47,3,5,2
843,18,Female,3.6,6.7,97,9,8,1
844,24,Female,5.5,2.4,9,5,10,10
845,22,Female,9.6,5.3,98,8,1,2
846,22,Male,7.7,7.4,74,9,9,7
847,19,Male,7.8,3.4,10,5,8,8
848,19,Male,5.5,2.8,84,10,6,5
849,24,Other,7.2,3.8,20,9,3,6
850,23,Male,3.1,3.2,85,2,3,1
851,24,Female,7.5,2.9,44,9,8,6
852,19,Female,9.4,4.8,6,4,5,8
853,22,Male,7.3,9.2,118,6,10,3
854,20,Female,9.1,5.6,80,6,7,1
855,24,Female,8.1,2.7,63,6,5,4
856,22,Female,3.8,1.7,63,2,8,1
857,20,Other,9.3,7.3,1,7,10,8
858,20,Male,3.5,4.4,75,6,10,5
859,19,Male,6.7,8.4,120,1,4,1
860,24,Female,4,6.9,41,2,2,8
861,21,Other,3.1,8.2,81,7,3,9
862,18,Male,6,3.4,53,1,8,10
863,19,Female,5.1,7.2,74,1,7,2
864,19,Female,6.4,3.4,15,1,2,9
865,21,Female,7,9.5,112,8,6,8
866,18,Male,3.3,6.7,114,4,9,7
867,22,Female,3.9,3.9,17,4,4,3
868,23,Other,6.9,3.4,98,2,9,2
869,24,Male,5.4,2.7,116,1,2,7
870,23,Male,8.1,7.3,58,10,2,5
871,22,Other,7.6,3,89,9,9,6
872,25,Male,8.9,6.4,15,7,7,4
873,19,Female,7.8,3.4,5,4,7,2
874,18,Female,6,7,56,6,1,9
875,19,Male,7.7,8.3,107,2,6,3
876,20,Female,4.9,8,106,7,7,7
877,19,Male,5.1,7.8,46,2,6,8
878,19,Female,8.5,2.7,110,10,6,2
879,22,Male,6.1,1.8,47,8,2,6
880,22,Female,8.6,7.3,41,8,6,8
881,22,Male,8.8,4.3,75,1,4,7
882,23,Male,9,4.9,59,8,9,3
883,20,Other,9.4,1.3,76,2,1,1
884,25,Male,6,3.3,3,6,8,6
885,25,Female,5.2,1.3,102,1,5,8
886,22,Male,7.1,8.9,117,5,1,6
887,18,Female,5.6,3.2,1,7,4,5
888,23,Male,7.2,6,89,10,1,8
889,21,Other,7.9,1.4,58,1,6,2
890,18,Female,7.8,7,26,2,2,1
891,24,Male,5.6,3.9,26,7,5,1
892,24,Male,4.2,9.1,78,6,7,4
893,18,Male,6,9,71,3,2,6
894,22,Female,4,3.9,6,10,6,9
895,21,Male,9.2,9.1,62,2,6,1
896,21,Female,5.4,10,110,10,5,1
897,23,Male,4.1,8.4,118,4,5,5
898,21,Male,3.2,8.6,45,3,3,10
899,24,Female,7.5,3.2,62,7,10,5
900,20,Female,7.5,6.2,103,8,10,5
901,22,Male,5.4,1.6,11,2,2,10
902,21,Male,3.5,1.9,12,10,7,6
903,23,Male,5.9,10,42,7,1,8
904,24,Female,5.2,3.9,16,8,6,3
905,20,Female,7.7,7.7,62,6,6,9
906,19,Female,7.2,8.3,80,6,3,1
907,19,Female,5.6,8.7,119,10,2,4
908,20,Female,4.5,10,35,1,2,9
909,24,Female,9.9,3.2,84,4,9,8
910,23,Female,6.2,1.4,7,1,5,10
911,20,Male,7.8,4.7,68,4,7,9
912,22,Male,4,2.2,89,2,5,1
913,22,Male,6.4,1.2,79,5,7,9
914,19,Male,3.2,4.2,35,10,4,3
915,21,Female,6.5,8.1,27,9,8,10
916,23,Other,9.7,6.1,117,10,10,9
917,19,Male,5.7,3.8,92,3,10,1
918,21,Male,3.3,6.9,46,8,7,1
919,21,Female,3.2,3.1,75,3,10,9
920,25,Other,5.7,1.1,100,6,5,6
921,22,Male,4.1,7.9,29,4,6,4
922,24,Female,3.2,6.6,22,8,5,7
923,18,Male,8.3,7.9,15,6,7,5
924,24,Male,6.2,1.4,13,8,2,10
925,18,Other,5,8.5,73,1,5,7
926,20,Other,9.3,6.6,70,6,10,8
927,22,Male,3.8,6.1,108,1,3,8
928,21,Other,9.7,6.6,51,1,9,1
929,23,Female,5.2,8.8,36,8,6,8
930,18,Female,9.2,6.3,28,7,10,6
931,24,Female,7.2,6.2,66,3,3,4
932,21,Female,8.8,9.9,14,6,7,8
933,18,Female,9.9,7.8,99,9,4,3
934,18,Female,5,5,46,7,3,4
935,25,Male,9.7,7.4,45,3,8,6
936,18,Male,5.7,4.5,51,6,4,7
937,23,Male,5.7,3.1,18,4,1,4
938,22,Female,5.4,6.4,76,3,6,4
939,23,Male,6.8,9.4,105,9,10,7
940,19,Female,4.1,9.4,20,10,1,6
941,21,Other,6.9,4.1,63,2,5,8
942,22,Male,6.8,5.7,36,1,7,1
943,25,Female,8.3,2.9,26,2,6,10
944,22,Male,8.8,10,54,7,2,7
945,22,Female,6.1,9.8,115,10,4,7
946,24,Male,5.1,6.8,28,1,2,7
947,22,Female,4.8,8.2,19,6,1,7
948,25,Female,4.4,7.4,24,7,3,10
949,23,Other,3.4,6.3,69,9,3,10
950,22,Female,5.4,1.5,62,8,7,8
951,20,Female,4.9,5.1,35,6,1,9
952,21,Female,9.8,7.1,1,3,9,9
953,22,Female,6.9,7.1,21,8,6,2
954,21,Female,5.4,4.4,95,7,4,7
955,20,Male,7.1,9.5,15,3,3,7
956,20,Other,4,2.5,17,9,3,4
957,21,Female,6.1,5.5,68,2,2,9
958,18,Female,7.4,7.2,53,3,2,8
959,19,Male,6.4,7.3,99,2,10,1
960,24,Female,5.8,6.8,29,1,5,2
961,18,Male,10,3.5,44,4,9,2
962,18,Female,9.2,2.4,18,5,2,8
963,23,Male,7.4,6.7,86,6,2,1
964,24,Female,7,6.4,33,5,6,4
965,24,Other,7.3,2.6,12,1,10,10
966,18,Male,4.4,7.3,42,3,2,5
967,22,Other,5.8,5.1,61,1,4,9
968,23,Male,3.3,7,117,5,6,7
969,23,Female,6.3,8.5,92,5,5,8
970,20,Female,6.8,2.5,99,6,1,9
971,25,Female,4.6,1.2,21,8,6,7
972,24,Female,9.7,8,51,10,1,5
973,18,Female,9.4,6.5,51,1,3,5
974,20,Male,8.1,7.3,110,4,10,10
975,21,Male,6.7,8.5,35,10,5,6
976,19,Female,9.1,8.2,72,1,10,5
977,25,Female,3.9,9.6,102,9,5,9
978,25,Female,8.5,5.8,114,7,10,3
979,25,Female,3.9,5.4,18,7,6,3
980,23,Male,8.6,4.6,37,5,10,7
981,21,Female,4.9,2.4,69,7,8,7
982,25,Male,9.1,6.2,115,2,5,6
983,21,Female,9.6,3.5,110,4,1,3
984,22,Male,4,9.3,78,7,5,7
985,25,Male,6.2,6.2,56,3,3,5
986,19,Male,9.9,6.3,19,2,4,7
987,21,Male,6.4,4.2,8,10,8,2
988,21,Female,9,1.5,31,2,7,6
989,19,Male,7.1,1.3,3,1,5,8
990,25,Male,5.6,4.8,49,5,2,1
991,19,Male,5,1.8,81,6,6,4
992,21,Male,4.4,6.5,4,6,6,1
993,19,Male,8.3,8.9,19,9,10,1
994,21,Male,5.7,8.9,86,4,10,10
995,21,Female,6.6,6.9,74,1,6,8
996,22,Female,6.4,2.9,36,6,9,7
997,18,Female,7,8.8,21,5,8,10
998,21,Female,9.1,9,57,10,8,1
999,25,Male,9.9,2.8,67,6,1,2
1000,20,Female,5.9,7.6,92,3,5,4
